id,nome,email,datacadastro
6234f637-d655-41bc-ad29-3e9e56c009c6,Erick Aparecida,rodrigueskamilly@example.org,2024-06-20
b725f35a-b3bb-4c75-8eda-2c041f89b94e,Eloah Sampaio,isaaccampos@example.net,2026-01-25
9b401ce7-b880-4058-b768-08dcad9718ee,Sr. Pedro Lucas Rezende,moraescaua@example.net,2025-09-21
0f4675a3-6b73-4fd1-96c6-39151b983558,Gael Alves,ana-julia77@example.com,2024-11-13
8740bbb2-e0d7-4e8b-8b38-01fa269432d8,Benicio Montenegro,jose86@example.org,2024-12-01
97a81ede-76d6-43ed-92a4-2b0c59f1675a,Alexandre Moreira,pereiraana-julia@example.org,2025-11-23
0bfdaf94-ed6f-4435-88c4-bb46cd9d8b0f,Caroline Camargo,vitoriapereira@example.org,2024-10-06
84df5732-fb04-4bf8-ac6f-acf1233933d5,Pietro das Neves,cecilia26@example.net,2025-08-17
485b0547-5d6d-447e-b9f9-5a0b325ef206,Dr. Breno Souza,guerramaria-julia@example.net,2025-02-19
fbd86dbf-96d8-40db-a86a-d8bf016aff66,Dra. Heloisa Mendonça,otto00@example.net,2024-04-05
140f9abd-bfbb-407b-90c4-03ce8f8b7739,Srta. Bruna Dias,felipepastor@example.net,2024-05-04
4bb09aec-93db-4267-b091-bb9153b0d2a9,Dr. Davi Lucca Sousa,mcampos@example.net,2024-04-26
fde93019-c05a-4b0a-a059-43324bc5ca8e,João Gabriel Marques,martinsana-sophia@example.com,2024-08-02
d5df0f00-60d1-4907-9313-73265207dc02,Ágatha Moura,stephany88@example.com,2024-09-13
f86c3cfd-7f5e-4ba0-8de3-c20f73afa600,Olívia Cavalcanti,abreuevelyn@example.org,2025-10-12
eb255f63-d4fa-4114-99ca-4e4faa3666f3,Brayan Farias,rmacedo@example.com,2025-08-20
96ff2380-0e3c-448d-9f37-ae1c78f5515a,Stella Macedo,dribeiro@example.org,2025-03-05
d9b1e615-4b4f-4c79-bd91-eee6f98c02d9,Rafael Jesus,brunopinto@example.com,2025-12-02
10ef6bdc-a71a-4cf9-a4f4-6d8448680ec8,Marina Cassiano,sarah48@example.net,2025-03-24
c995211f-6523-4282-a42b-0816a3394ca2,Samuel Siqueira,juliana62@example.org,2024-07-14
6d13a693-7c20-4f40-98aa-5d9a6804d70f,Maria Liz Peixoto,da-costaanna-liz@example.com,2025-01-24
95daee1c-1980-4d57-8dd9-6a37e26cb573,Paulo da Luz,vargasnatalia@example.net,2025-07-02
e72c8698-5c40-48a8-9f6d-3a0d435cd958,Srta. Bella Cavalcante,ycorreia@example.com,2025-06-02
d63c238b-174f-4e73-a9c0-92252f60078e,Gabrielly Albuquerque,lgarcia@example.com,2025-03-25
4b5bcaf4-a530-42ab-b9f3-906c24bfae60,Sr. Benicio Sousa,beniciocavalcanti@example.net,2026-01-13
0ac76cdc-89d8-4b54-ab32-881c472f2946,Luiza Souza,dom24@example.com,2025-09-06
741132c0-26eb-48e3-afe1-3fb82797dee1,João Albuquerque,maria21@example.net,2025-02-15
a2e4a1dc-40f5-4b6c-8b54-1cc6d765f364,Yasmin Pacheco,brayan72@example.com,2025-07-21
c76ba9c2-5490-4d5c-b045-cf973ee61162,Cecilia Cassiano,claricegoncalves@example.org,2024-07-13
5acfbb43-906e-4d29-9009-a460675b7d70,Carlos Eduardo Jesus,abarros@example.net,2024-11-26
945e117e-b6d5-4204-8358-64d64f69f58d,Lucca Andrade,esousa@example.net,2024-07-17
e169a7cd-4f54-4b23-9fe4-3f1c7b09f7c6,Natália Ramos,maria-luisagoncalves@example.com,2026-01-30
84bd2194-d42c-4bd0-97b2-ed84b7679e3d,Anthony Nascimento,dantecosta@example.net,2025-10-14
029c646e-056f-40c7-a723-b8298372e02d,Henry Câmara,gsiqueira@example.org,2025-06-17
7bc36276-5fb5-4471-a48f-7826c5b295d6,Mirella Aparecida,camposcamila@example.org,2024-09-20
51b5635c-8ddd-457e-bba9-b1fa251f93c5,Matteo Fernandes,maria-luisa74@example.com,2024-09-15
3c5c126c-6cab-4e0c-92ea-e23e95f5a3b6,João Pedro Pacheco,joao-gabriel40@example.com,2025-05-12
cefd8229-2eaa-452e-8b11-e89368730091,Diego Pimenta,gustavo-henriquecastro@example.net,2025-09-18
1941a000-93b3-4f03-9ac0-b4d0fbddb7a0,Srta. Maria Liz Cunha,anthonyferreira@example.com,2026-02-07
5a0b47b7-c2f2-4dfd-b5a4-3255f48478ee,Pedro Miguel Sales,bcampos@example.net,2024-09-17
8ebf040d-9fe4-45fa-b1bd-81e697b2012c,Alice Garcia,qfogaca@example.net,2025-04-21
349f33f0-8cdc-4e9c-90a8-f480330099c0,Gabrielly Teixeira,souzahenry-gabriel@example.org,2024-03-06
54b1e080-1135-4edf-a785-536c3d68af69,Srta. Sarah Câmara,barbarafreitas@example.org,2024-07-07
ba711381-e645-40e7-9d04-bd5cd50d8721,Rodrigo da Mata,araujomaria-isis@example.org,2025-08-16
74cef98f-779d-4691-9390-a36c4ed444fd,Davi Brito,taraujo@example.com,2025-02-15
1ddc20e0-bffa-4d2d-936a-3b2306980d88,Lavínia Camargo,anthony-gabriel85@example.net,2025-09-22
7da7bff1-0d89-4121-a254-8b1a0cadab09,Maysa Rios,aborges@example.org,2025-08-06
683b19bb-fa46-44da-ba0b-b59aad85f944,Davi Lucas Pereira,costelarael@example.org,2025-02-13
6b8e27b1-4208-477d-8ca6-0cb54da153d5,Dr. Liam Melo,andradeana-clara@example.com,2026-01-07
47c4f438-cbad-4b9b-9eff-e0f0f29fc4b4,Asafe das Neves,jpinto@example.com,2024-11-28
